{"cameraMode":{"drawMode":0,"name":"Shaded","section":"Shading Mode"},"sceneLighting":true,"audioPlay":false,"sceneViewState":{"m_AlwaysRefresh":false,"showFog":true,"showSkybox":true,"showFlares":true,"showImageEffects":true,"showParticleSystems":true,"showVisualEffectGraphs":true,"m_FxEnabled":true},"in2DMode":false,"pivot":{"x":1.4649126529693604,"y":-0.33348822593688967,"z":1.810114860534668},"rotation":{"x":0.16992732882499696,"y":0.10945474356412888,"z":-0.018995489925146104,"w":0.9792116284370422},"size":4.316337585449219,"orthographic":false}