{"cameraMode":{"drawMode":0,"name":"Shaded","section":"Shading Mode"},"sceneLighting":false,"audioPlay":false,"sceneViewState":{"m_AlwaysRefresh":false,"showFog":true,"showSkybox":false,"showFlares":true,"showImageEffects":true,"showParticleSystems":true,"showVisualEffectGraphs":true,"m_FxEnabled":true},"in2DMode":false,"pivot":{"x":-0.40194129943847659,"y":0.7771615982055664,"z":-1.0011067390441895},"rotation":{"x":0.3102860450744629,"y":-0.0427597351372242,"z":0.013972721993923188,"w":0.9495806694030762},"size":1.0460834503173829,"orthographic":false}