{"cameraMode":{"drawMode":0,"name":"Shaded","section":"Shading Mode"},"sceneLighting":true,"audioPlay":false,"sceneViewState":{"m_AlwaysRefresh":false,"showFog":true,"showSkybox":true,"showFlares":true,"showImageEffects":true,"showParticleSystems":true,"showVisualEffectGraphs":true,"m_FxEnabled":true},"in2DMode":false,"pivot":{"x":0.012080684304237366,"y":0.3649277687072754,"z":0.028787851333618165},"rotation":{"x":0.0398080013692379,"y":0.0164882130920887,"z":-0.0006569098331965506,"w":0.9990724921226502},"size":2.4073948860168459,"orthographic":false}