{"cameraMode":{"drawMode":0,"name":"Shaded","section":"Shading Mode"},"sceneLighting":false,"audioPlay":false,"sceneViewState":{"m_AlwaysRefresh":false,"showFog":true,"showSkybox":false,"showFlares":true,"showImageEffects":true,"showParticleSystems":true,"showVisualEffectGraphs":true,"m_FxEnabled":true},"in2DMode":false,"pivot":{"x":-0.4399999976158142,"y":-1.3432655334472657,"z":0.03999999910593033},"rotation":{"x":0.21376805007457734,"y":-0.2219434529542923,"z":0.04993991553783417,"w":0.9500378966331482},"size":0.17320510745048524,"orthographic":false}