{"cameraMode":{"drawMode":0,"name":"Shaded","section":"Shading Mode"},"sceneLighting":false,"audioPlay":false,"sceneViewState":{"m_AlwaysRefresh":false,"showFog":true,"showSkybox":false,"showFlares":true,"showImageEffects":true,"showParticleSystems":true,"showVisualEffectGraphs":true,"m_FxEnabled":true},"in2DMode":false,"pivot":{"x":3.0928914546966554,"y":0.2107347697019577,"z":2.1256613731384279},"rotation":{"x":-0.007696406915783882,"y":-0.16957546770572663,"z":0.0013235805090516806,"w":-0.985490083694458},"size":1.8674232959747315,"orthographic":false}